{
  "//": {
    "metadata": {
      "backend": "local",
      "stackName": "bucket",
      "version": "0.20.5"
    },
    "outputs": {
    }
  },
  "provider": {
    "aws": [
      {
        "region": "us-east-1"
      }
    ]
  },
  "resource": {
    "aws_s3_bucket": {
      "bucket": {
        "//": {
          "metadata": {
            "path": "bucket/bucket",
            "uniqueId": "bucket"
          }
        },
        "bucket": "test_bucket_318"
      }
    }
  },
  "terraform": {
    "backend": {
      "local": {
        "path": "/home/ec2-user/environment/cdktf318ver2/terraform.bucket.tfstate"
      }
    },
    "required_providers": {
      "aws": {
        "source": "aws",
        "version": "5.41.0"
      }
    }
  }
}